Session Type,Track,Full Name,Title,URL,Post desc,Design Status,Comments,Date,Post Status,Twitter,LinkedIn,Instagram,Telegram,Mastodon,Session Type,,Post Desc
Talk,Main Track,Aria Krishnamurthy,Building Resilient Open-Source Supply Chains for India,fossunited.org/c/indiafoss/2026/cfp/abc123,"India's open-source ecosystem is maturing fast, but our supply chains are fragile. This talk covers dependency auditing, SBOM adoption, and how Indian orgs can lead the way in securing the software we all depend on.",Done,Final version approved,2026-09-19,Published,@ariakrishna,linkedin.com/in/ariakrishna,@ariakrishna,@ariakrishna,@aria@mastodon.social,Talk,,
Lightning Talk,Main Track,Rohan Mehta,Why Your CLI Needs a TUI: Rethinking Developer Tooling,fossunited.org/c/indiafoss/2026/cfp/def456,"Command-line tools don't have to be ugly. This lightning talk demos three open-source TUI libraries and shows how a 200-line wrapper can turn any CLI into a delightful interactive experience.",Done,Speaker confirmed,2026-09-19,Published,@rohanmehta_dev,linkedin.com/in/rohanmehta,@rohanbuilds,@rohandev,@rohan@fosstodon.org,Lightning Talk,,
Workshop,Main Track,Priya Sundarajan,From Zero to PR: Your First Linux Kernel Contribution,fossunited.org/c/indiafoss/2026/cfp/ghi789,"A hands-on workshop walking participants through setting up a kernel dev environment, finding beginner-friendly bugs, writing a patch, and submitting it upstream. Bring your laptop and leave with a real contribution.",In Progress,Needs updated bio,2026-09-20,Draft,@priyasundar,linkedin.com/in/priyasundarajan,@priyacodes,@priyakernel,@priya@tech.lgbt,Workshop,,
Talk,Main Track,Siddharth Bose,The Invisible Architecture: How FOSS Powers India's Digital Public Infrastructure,fossunited.org/c/indiafoss/2026/cfp/jkl012,"From Aadhaar to UPI to CoWIN, India's digital public goods run on open-source foundations most people never see. This talk maps the hidden FOSS stack beneath India's most used platforms and asks: what do we owe upstream?",Done,Great abstract,2026-09-19,Published,@sidbose,linkedin.com/in/siddharthbose,@sidbose_in,@sidbose,@sid@social.coop,Talk,,
Talk,Main Track,Meera Nambiar,Designing for 22 Languages: Accessibility in Indian Open-Source Projects,fossunited.org/c/indiafoss/2026/cfp/mno345,"Building software for India means building for linguistic diversity. This talk shares patterns and anti-patterns from localising three major FOSS projects into Indian languages, covering RTL edge cases, font rendering, and input methods.",Done,Very relevant topic,2026-09-20,Published,@meeranambiar,linkedin.com/in/meeranambiar,@meera.designs,@meeradesign,@meera@vis.social,Talk,,
Devroom,FOSS in Science Devroom,Aditya Venkatesh,Open Telescopes: Democratising Astronomy with Raspberry Pi and Python,fossunited.org/c/indiafoss/2026/cfp/pqr678,"Amateur astronomy meets open hardware. This talk covers building a sub-$200 automated telescope controller using a Raspberry Pi, stepper motors, and a Python stack for star tracking and astrophotography.",Done,Demo confirmed,2026-09-19,Published,@adityav_astro,linkedin.com/in/adityavenkatesh,@aditya.stars,@adityastro,@aditya@astrodon.social,Devroom,,
Devroom,Geopolitics and Policy in FOSS Devroom,Kavya Raghunathan,Digital Sovereignty and Open Source: Lessons from the EU for India,fossunited.org/c/indiafoss/2026/cfp/stu901,"The EU's Cyber Resilience Act and open-source exemptions offer a blueprint India can learn from. This talk analyses policy models and proposes a framework for Indian FOSS policy that protects both innovation and security.",In Progress,Awaiting slide deck,2026-09-20,Draft,@kavyaragh,linkedin.com/in/kavyaraghunathan,@kavya.policy,@kavyapolicy,@kavya@eupolicy.social,Devroom,,
Devroom,Android Open Source Project (AOSP) Devroom,Nikhil Joshi,Building Custom Android ROMs for Indian Feature Phones,fossunited.org/c/indiafoss/2026/cfp/vwx234,"Feature phones still dominate rural India. This session walks through porting AOSP to low-spec MediaTek chipsets, optimising for 512MB RAM, and building a minimal launcher for first-time smartphone users.",Done,Hardware demo planned,2026-09-19,Published,@nikhiljoshi_dev,linkedin.com/in/nikhiljoshi,@nikhil.android,@nikhilaosp,@nikhil@androiddev.social,Devroom,,
Devroom,Open Hardware Devroom,Tanvi Deshmukh,Soldering for Schools: An Open-Source Electronics Kit for Rural Education,fossunited.org/c/indiafoss/2026/cfp/yza567,"Introducing an open-hardware kit designed for Indian government schools: a $12 BOM, KiCad-designed PCB, and curriculum-aligned lesson plans. Over 200 kits deployed across Maharashtra so far.",Done,Inspiring project,2026-09-20,Published,@tanvideshmukh,linkedin.com/in/tanvideshmukh,@tanvi.makes,@tanvihw,@tanvi@makersocial.org,Devroom,,
Devroom,"Compilers, Programming Languages and Systems Devroom",Arjun Pillai,Writing a Garbage Collector in 500 Lines of Rust,fossunited.org/c/indiafoss/2026/cfp/bcd890,"Think GCs are magic? This live-coding session builds a mark-and-sweep garbage collector from scratch in Rust, explaining memory layout, root scanning, and why your language runtime works the way it does.",Done,Live coding confirmed,2026-09-19,Published,@arjunpillai_rs,linkedin.com/in/arjunpillai,@arjun.rust,@arjunlang,@arjun@pl.social,Devroom,,
Lightning Talk,Main Track,Zara Khan,The One-Person Open-Source Maintainer Survival Guide,fossunited.org/c/indiafoss/2026/cfp/efg123,"Burnout is real. This lightning talk shares battle-tested strategies for solo maintainers: setting boundaries, automating triage, saying no to feature requests, and finding co-maintainers before you need them.",Done,Relatable content,2026-09-19,Published,@zarakhan_oss,linkedin.com/in/zarakhan,@zara.foss,@zarafoss,@zara@floss.social,Lightning Talk,,
Talk,Main Track,Vikram Iyer,How We Migrated a Government Portal from Oracle to PostgreSQL in 90 Days,fossunited.org/c/indiafoss/2026/cfp/hij456,"A war story from the trenches: migrating a state government's citizen services portal from Oracle to PostgreSQL under political deadline pressure. Covering schema translation, data migration, performance tuning, and the human side of change management.",Done,Case study format,2026-09-20,Published,@vikramiyer_pg,linkedin.com/in/vikramiyer,@vikram.pg,@vikrampg,@vikram@db.social,Talk,,